index,unit1_pwr_60ghz_1,unit1_pwr_60ghz_2,unit1_pwr_60ghz_3,unit1_pwr_60ghz_4,unit1_pwr_60ghz_5,unit1_pwr_60ghz_6,unit1_pwr_60ghz_7,unit1_pwr_60ghz_8
1,./unit1/mmWave_data/mmWave_power_5305.txt,./unit1/mmWave_data/mmWave_power_5306.txt,./unit1/mmWave_data/mmWave_power_5307.txt,./unit1/mmWave_data/mmWave_power_5308.txt,./unit1/mmWave_data/mmWave_power_5309.txt,./unit1/mmWave_data/mmWave_power_5310.txt,./unit1/mmWave_data/mmWave_power_5311.txt,./unit1/mmWave_data/mmWave_power_5312.txt
2,./unit1/mmWave_data/mmWave_power_1382.txt,./unit1/mmWave_data/mmWave_power_1383.txt,./unit1/mmWave_data/mmWave_power_1384.txt,./unit1/mmWave_data/mmWave_power_1385.txt,./unit1/mmWave_data/mmWave_power_1386.txt,./unit1/mmWave_data/mmWave_power_1387.txt,./unit1/mmWave_data/mmWave_power_1388.txt,./unit1/mmWave_data/mmWave_power_1389.txt
3,./unit1/mmWave_data/mmWave_power_5308.txt,./unit1/mmWave_data/mmWave_power_5309.txt,./unit1/mmWave_data/mmWave_power_5310.txt,./unit1/mmWave_data/mmWave_power_5311.txt,./unit1/mmWave_data/mmWave_power_5312.txt,./unit1/mmWave_data/mmWave_power_5313.txt,./unit1/mmWave_data/mmWave_power_5314.txt,./unit1/mmWave_data/mmWave_power_5315.txt
4,./unit1/mmWave_data/mmWave_power_1580.txt,./unit1/mmWave_data/mmWave_power_1581.txt,./unit1/mmWave_data/mmWave_power_1582.txt,./unit1/mmWave_data/mmWave_power_1583.txt,./unit1/mmWave_data/mmWave_power_1584.txt,./unit1/mmWave_data/mmWave_power_1585.txt,./unit1/mmWave_data/mmWave_power_1586.txt,./unit1/mmWave_data/mmWave_power_1587.txt
5,./unit1/mmWave_data/mmWave_power_1569.txt,./unit1/mmWave_data/mmWave_power_1570.txt,./unit1/mmWave_data/mmWave_power_1571.txt,./unit1/mmWave_data/mmWave_power_1572.txt,./unit1/mmWave_data/mmWave_power_1573.txt,./unit1/mmWave_data/mmWave_power_1574.txt,./unit1/mmWave_data/mmWave_power_1575.txt,./unit1/mmWave_data/mmWave_power_1576.txt
6,./unit1/mmWave_data/mmWave_power_1570.txt,./unit1/mmWave_data/mmWave_power_1571.txt,./unit1/mmWave_data/mmWave_power_1572.txt,./unit1/mmWave_data/mmWave_power_1573.txt,./unit1/mmWave_data/mmWave_power_1574.txt,./unit1/mmWave_data/mmWave_power_1575.txt,./unit1/mmWave_data/mmWave_power_1576.txt,./unit1/mmWave_data/mmWave_power_1577.txt
7,./unit1/mmWave_data/mmWave_power_9450.txt,./unit1/mmWave_data/mmWave_power_9451.txt,./unit1/mmWave_data/mmWave_power_9452.txt,./unit1/mmWave_data/mmWave_power_9453.txt,./unit1/mmWave_data/mmWave_power_9454.txt,./unit1/mmWave_data/mmWave_power_9455.txt,./unit1/mmWave_data/mmWave_power_9456.txt,./unit1/mmWave_data/mmWave_power_9457.txt
8,./unit1/mmWave_data/mmWave_power_2996.txt,./unit1/mmWave_data/mmWave_power_2997.txt,./unit1/mmWave_data/mmWave_power_2998.txt,./unit1/mmWave_data/mmWave_power_2999.txt,./unit1/mmWave_data/mmWave_power_3000.txt,./unit1/mmWave_data/mmWave_power_3001.txt,./unit1/mmWave_data/mmWave_power_3002.txt,./unit1/mmWave_data/mmWave_power_3003.txt
9,./unit1/mmWave_data/mmWave_power_8984.txt,./unit1/mmWave_data/mmWave_power_8985.txt,./unit1/mmWave_data/mmWave_power_8986.txt,./unit1/mmWave_data/mmWave_power_8987.txt,./unit1/mmWave_data/mmWave_power_8988.txt,./unit1/mmWave_data/mmWave_power_8989.txt,./unit1/mmWave_data/mmWave_power_8990.txt,./unit1/mmWave_data/mmWave_power_8991.txt
10,./unit1/mmWave_data/mmWave_power_750.txt,./unit1/mmWave_data/mmWave_power_751.txt,./unit1/mmWave_data/mmWave_power_752.txt,./unit1/mmWave_data/mmWave_power_753.txt,./unit1/mmWave_data/mmWave_power_754.txt,./unit1/mmWave_data/mmWave_power_755.txt,./unit1/mmWave_data/mmWave_power_756.txt,./unit1/mmWave_data/mmWave_power_757.txt
11,./unit1/mmWave_data/mmWave_power_5298.txt,./unit1/mmWave_data/mmWave_power_5299.txt,./unit1/mmWave_data/mmWave_power_5300.txt,./unit1/mmWave_data/mmWave_power_5301.txt,./unit1/mmWave_data/mmWave_power_5302.txt,./unit1/mmWave_data/mmWave_power_5303.txt,./unit1/mmWave_data/mmWave_power_5304.txt,./unit1/mmWave_data/mmWave_power_5305.txt
12,./unit1/mmWave_data/mmWave_power_5808.txt,./unit1/mmWave_data/mmWave_power_5809.txt,./unit1/mmWave_data/mmWave_power_5810.txt,./unit1/mmWave_data/mmWave_power_5811.txt,./unit1/mmWave_data/mmWave_power_5812.txt,./unit1/mmWave_data/mmWave_power_5813.txt,./unit1/mmWave_data/mmWave_power_5814.txt,./unit1/mmWave_data/mmWave_power_5815.txt
13,./unit1/mmWave_data/mmWave_power_8945.txt,./unit1/mmWave_data/mmWave_power_8946.txt,./unit1/mmWave_data/mmWave_power_8947.txt,./unit1/mmWave_data/mmWave_power_8948.txt,./unit1/mmWave_data/mmWave_power_8949.txt,./unit1/mmWave_data/mmWave_power_8950.txt,./unit1/mmWave_data/mmWave_power_8951.txt,./unit1/mmWave_data/mmWave_power_8952.txt
14,./unit1/mmWave_data/mmWave_power_9446.txt,./unit1/mmWave_data/mmWave_power_9447.txt,./unit1/mmWave_data/mmWave_power_9448.txt,./unit1/mmWave_data/mmWave_power_9449.txt,./unit1/mmWave_data/mmWave_power_9450.txt,./unit1/mmWave_data/mmWave_power_9451.txt,./unit1/mmWave_data/mmWave_power_9452.txt,./unit1/mmWave_data/mmWave_power_9453.txt
15,./unit1/mmWave_data/mmWave_power_8943.txt,./unit1/mmWave_data/mmWave_power_8944.txt,./unit1/mmWave_data/mmWave_power_8945.txt,./unit1/mmWave_data/mmWave_power_8946.txt,./unit1/mmWave_data/mmWave_power_8947.txt,./unit1/mmWave_data/mmWave_power_8948.txt,./unit1/mmWave_data/mmWave_power_8949.txt,./unit1/mmWave_data/mmWave_power_8950.txt
16,./unit1/mmWave_data/mmWave_power_3008.txt,./unit1/mmWave_data/mmWave_power_3009.txt,./unit1/mmWave_data/mmWave_power_3010.txt,./unit1/mmWave_data/mmWave_power_3011.txt,./unit1/mmWave_data/mmWave_power_3012.txt,./unit1/mmWave_data/mmWave_power_3013.txt,./unit1/mmWave_data/mmWave_power_3014.txt,./unit1/mmWave_data/mmWave_power_3015.txt
17,./unit1/mmWave_data/mmWave_power_5803.txt,./unit1/mmWave_data/mmWave_power_5804.txt,./unit1/mmWave_data/mmWave_power_5805.txt,./unit1/mmWave_data/mmWave_power_5806.txt,./unit1/mmWave_data/mmWave_power_5807.txt,./unit1/mmWave_data/mmWave_power_5808.txt,./unit1/mmWave_data/mmWave_power_5809.txt,./unit1/mmWave_data/mmWave_power_5810.txt
18,./unit1/mmWave_data/mmWave_power_5294.txt,./unit1/mmWave_data/mmWave_power_5295.txt,./unit1/mmWave_data/mmWave_power_5296.txt,./unit1/mmWave_data/mmWave_power_5297.txt,./unit1/mmWave_data/mmWave_power_5298.txt,./unit1/mmWave_data/mmWave_power_5299.txt,./unit1/mmWave_data/mmWave_power_5300.txt,./unit1/mmWave_data/mmWave_power_5301.txt
19,./unit1/mmWave_data/mmWave_power_8946.txt,./unit1/mmWave_data/mmWave_power_8947.txt,./unit1/mmWave_data/mmWave_power_8948.txt,./unit1/mmWave_data/mmWave_power_8949.txt,./unit1/mmWave_data/mmWave_power_8950.txt,./unit1/mmWave_data/mmWave_power_8951.txt,./unit1/mmWave_data/mmWave_power_8952.txt,./unit1/mmWave_data/mmWave_power_8953.txt
20,./unit1/mmWave_data/mmWave_power_1409.txt,./unit1/mmWave_data/mmWave_power_1410.txt,./unit1/mmWave_data/mmWave_power_1411.txt,./unit1/mmWave_data/mmWave_power_1412.txt,./unit1/mmWave_data/mmWave_power_1413.txt,./unit1/mmWave_data/mmWave_power_1414.txt,./unit1/mmWave_data/mmWave_power_1415.txt,./unit1/mmWave_data/mmWave_power_1416.txt
21,./unit1/mmWave_data/mmWave_power_1581.txt,./unit1/mmWave_data/mmWave_power_1582.txt,./unit1/mmWave_data/mmWave_power_1583.txt,./unit1/mmWave_data/mmWave_power_1584.txt,./unit1/mmWave_data/mmWave_power_1585.txt,./unit1/mmWave_data/mmWave_power_1586.txt,./unit1/mmWave_data/mmWave_power_1587.txt,./unit1/mmWave_data/mmWave_power_1588.txt
22,./unit1/mmWave_data/mmWave_power_5800.txt,./unit1/mmWave_data/mmWave_power_5801.txt,./unit1/mmWave_data/mmWave_power_5802.txt,./unit1/mmWave_data/mmWave_power_5803.txt,./unit1/mmWave_data/mmWave_power_5804.txt,./unit1/mmWave_data/mmWave_power_5805.txt,./unit1/mmWave_data/mmWave_power_5806.txt,./unit1/mmWave_data/mmWave_power_5807.txt
23,./unit1/mmWave_data/mmWave_power_9458.txt,./unit1/mmWave_data/mmWave_power_9459.txt,./unit1/mmWave_data/mmWave_power_9460.txt,./unit1/mmWave_data/mmWave_power_9461.txt,./unit1/mmWave_data/mmWave_power_9462.txt,./unit1/mmWave_data/mmWave_power_9463.txt,./unit1/mmWave_data/mmWave_power_9464.txt,./unit1/mmWave_data/mmWave_power_9465.txt
24,./unit1/mmWave_data/mmWave_power_5319.txt,./unit1/mmWave_data/mmWave_power_5320.txt,./unit1/mmWave_data/mmWave_power_5321.txt,./unit1/mmWave_data/mmWave_power_5322.txt,./unit1/mmWave_data/mmWave_power_5323.txt,./unit1/mmWave_data/mmWave_power_5324.txt,./unit1/mmWave_data/mmWave_power_5325.txt,./unit1/mmWave_data/mmWave_power_5326.txt
25,./unit1/mmWave_data/mmWave_power_8953.txt,./unit1/mmWave_data/mmWave_power_8954.txt,./unit1/mmWave_data/mmWave_power_8955.txt,./unit1/mmWave_data/mmWave_power_8956.txt,./unit1/mmWave_data/mmWave_power_8957.txt,./unit1/mmWave_data/mmWave_power_8958.txt,./unit1/mmWave_data/mmWave_power_8959.txt,./unit1/mmWave_data/mmWave_power_8960.txt
26,./unit1/mmWave_data/mmWave_power_1593.txt,./unit1/mmWave_data/mmWave_power_1594.txt,./unit1/mmWave_data/mmWave_power_1595.txt,./unit1/mmWave_data/mmWave_power_1596.txt,./unit1/mmWave_data/mmWave_power_1597.txt,./unit1/mmWave_data/mmWave_power_1598.txt,./unit1/mmWave_data/mmWave_power_1599.txt,./unit1/mmWave_data/mmWave_power_1600.txt
27,./unit1/mmWave_data/mmWave_power_3011.txt,./unit1/mmWave_data/mmWave_power_3012.txt,./unit1/mmWave_data/mmWave_power_3013.txt,./unit1/mmWave_data/mmWave_power_3014.txt,./unit1/mmWave_data/mmWave_power_3015.txt,./unit1/mmWave_data/mmWave_power_3016.txt,./unit1/mmWave_data/mmWave_power_3017.txt,./unit1/mmWave_data/mmWave_power_3018.txt
28,./unit1/mmWave_data/mmWave_power_5797.txt,./unit1/mmWave_data/mmWave_power_5798.txt,./unit1/mmWave_data/mmWave_power_5799.txt,./unit1/mmWave_data/mmWave_power_5800.txt,./unit1/mmWave_data/mmWave_power_5801.txt,./unit1/mmWave_data/mmWave_power_5802.txt,./unit1/mmWave_data/mmWave_power_5803.txt,./unit1/mmWave_data/mmWave_power_5804.txt
29,./unit1/mmWave_data/mmWave_power_8982.txt,./unit1/mmWave_data/mmWave_power_8983.txt,./unit1/mmWave_data/mmWave_power_8984.txt,./unit1/mmWave_data/mmWave_power_8985.txt,./unit1/mmWave_data/mmWave_power_8986.txt,./unit1/mmWave_data/mmWave_power_8987.txt,./unit1/mmWave_data/mmWave_power_8988.txt,./unit1/mmWave_data/mmWave_power_8989.txt
30,./unit1/mmWave_data/mmWave_power_8999.txt,./unit1/mmWave_data/mmWave_power_9000.txt,./unit1/mmWave_data/mmWave_power_9001.txt,./unit1/mmWave_data/mmWave_power_9002.txt,./unit1/mmWave_data/mmWave_power_9003.txt,./unit1/mmWave_data/mmWave_power_9004.txt,./unit1/mmWave_data/mmWave_power_9005.txt,./unit1/mmWave_data/mmWave_power_9006.txt
31,./unit1/mmWave_data/mmWave_power_8975.txt,./unit1/mmWave_data/mmWave_power_8976.txt,./unit1/mmWave_data/mmWave_power_8977.txt,./unit1/mmWave_data/mmWave_power_8978.txt,./unit1/mmWave_data/mmWave_power_8979.txt,./unit1/mmWave_data/mmWave_power_8980.txt,./unit1/mmWave_data/mmWave_power_8981.txt,./unit1/mmWave_data/mmWave_power_8982.txt
32,./unit1/mmWave_data/mmWave_power_2999.txt,./unit1/mmWave_data/mmWave_power_3000.txt,./unit1/mmWave_data/mmWave_power_3001.txt,./unit1/mmWave_data/mmWave_power_3002.txt,./unit1/mmWave_data/mmWave_power_3003.txt,./unit1/mmWave_data/mmWave_power_3004.txt,./unit1/mmWave_data/mmWave_power_3005.txt,./unit1/mmWave_data/mmWave_power_3006.txt
33,./unit1/mmWave_data/mmWave_power_6674.txt,./unit1/mmWave_data/mmWave_power_6675.txt,./unit1/mmWave_data/mmWave_power_6676.txt,./unit1/mmWave_data/mmWave_power_6677.txt,./unit1/mmWave_data/mmWave_power_6678.txt,./unit1/mmWave_data/mmWave_power_6679.txt,./unit1/mmWave_data/mmWave_power_6680.txt,./unit1/mmWave_data/mmWave_power_6681.txt
34,./unit1/mmWave_data/mmWave_power_5825.txt,./unit1/mmWave_data/mmWave_power_5826.txt,./unit1/mmWave_data/mmWave_power_5827.txt,./unit1/mmWave_data/mmWave_power_5828.txt,./unit1/mmWave_data/mmWave_power_5829.txt,./unit1/mmWave_data/mmWave_power_5830.txt,./unit1/mmWave_data/mmWave_power_5831.txt,./unit1/mmWave_data/mmWave_power_5832.txt
35,./unit1/mmWave_data/mmWave_power_8944.txt,./unit1/mmWave_data/mmWave_power_8945.txt,./unit1/mmWave_data/mmWave_power_8946.txt,./unit1/mmWave_data/mmWave_power_8947.txt,./unit1/mmWave_data/mmWave_power_8948.txt,./unit1/mmWave_data/mmWave_power_8949.txt,./unit1/mmWave_data/mmWave_power_8950.txt,./unit1/mmWave_data/mmWave_power_8951.txt
36,./unit1/mmWave_data/mmWave_power_5293.txt,./unit1/mmWave_data/mmWave_power_5294.txt,./unit1/mmWave_data/mmWave_power_5295.txt,./unit1/mmWave_data/mmWave_power_5296.txt,./unit1/mmWave_data/mmWave_power_5297.txt,./unit1/mmWave_data/mmWave_power_5298.txt,./unit1/mmWave_data/mmWave_power_5299.txt,./unit1/mmWave_data/mmWave_power_5300.txt
37,./unit1/mmWave_data/mmWave_power_9965.txt,./unit1/mmWave_data/mmWave_power_9966.txt,./unit1/mmWave_data/mmWave_power_9967.txt,./unit1/mmWave_data/mmWave_power_9968.txt,./unit1/mmWave_data/mmWave_power_9969.txt,./unit1/mmWave_data/mmWave_power_9970.txt,./unit1/mmWave_data/mmWave_power_9971.txt,./unit1/mmWave_data/mmWave_power_9972.txt
38,./unit1/mmWave_data/mmWave_power_9459.txt,./unit1/mmWave_data/mmWave_power_9460.txt,./unit1/mmWave_data/mmWave_power_9461.txt,./unit1/mmWave_data/mmWave_power_9462.txt,./unit1/mmWave_data/mmWave_power_9463.txt,./unit1/mmWave_data/mmWave_power_9464.txt,./unit1/mmWave_data/mmWave_power_9465.txt,./unit1/mmWave_data/mmWave_power_9466.txt
39,./unit1/mmWave_data/mmWave_power_9442.txt,./unit1/mmWave_data/mmWave_power_9443.txt,./unit1/mmWave_data/mmWave_power_9444.txt,./unit1/mmWave_data/mmWave_power_9445.txt,./unit1/mmWave_data/mmWave_power_9446.txt,./unit1/mmWave_data/mmWave_power_9447.txt,./unit1/mmWave_data/mmWave_power_9448.txt,./unit1/mmWave_data/mmWave_power_9449.txt
40,./unit1/mmWave_data/mmWave_power_1568.txt,./unit1/mmWave_data/mmWave_power_1569.txt,./unit1/mmWave_data/mmWave_power_1570.txt,./unit1/mmWave_data/mmWave_power_1571.txt,./unit1/mmWave_data/mmWave_power_1572.txt,./unit1/mmWave_data/mmWave_power_1573.txt,./unit1/mmWave_data/mmWave_power_1574.txt,./unit1/mmWave_data/mmWave_power_1575.txt
41,./unit1/mmWave_data/mmWave_power_5799.txt,./unit1/mmWave_data/mmWave_power_5800.txt,./unit1/mmWave_data/mmWave_power_5801.txt,./unit1/mmWave_data/mmWave_power_5802.txt,./unit1/mmWave_data/mmWave_power_5803.txt,./unit1/mmWave_data/mmWave_power_5804.txt,./unit1/mmWave_data/mmWave_power_5805.txt,./unit1/mmWave_data/mmWave_power_5806.txt
42,./unit1/mmWave_data/mmWave_power_1567.txt,./unit1/mmWave_data/mmWave_power_1568.txt,./unit1/mmWave_data/mmWave_power_1569.txt,./unit1/mmWave_data/mmWave_power_1570.txt,./unit1/mmWave_data/mmWave_power_1571.txt,./unit1/mmWave_data/mmWave_power_1572.txt,./unit1/mmWave_data/mmWave_power_1573.txt,./unit1/mmWave_data/mmWave_power_1574.txt
43,./unit1/mmWave_data/mmWave_power_5798.txt,./unit1/mmWave_data/mmWave_power_5799.txt,./unit1/mmWave_data/mmWave_power_5800.txt,./unit1/mmWave_data/mmWave_power_5801.txt,./unit1/mmWave_data/mmWave_power_5802.txt,./unit1/mmWave_data/mmWave_power_5803.txt,./unit1/mmWave_data/mmWave_power_5804.txt,./unit1/mmWave_data/mmWave_power_5805.txt
44,./unit1/mmWave_data/mmWave_power_6699.txt,./unit1/mmWave_data/mmWave_power_6700.txt,./unit1/mmWave_data/mmWave_power_6701.txt,./unit1/mmWave_data/mmWave_power_6702.txt,./unit1/mmWave_data/mmWave_power_6703.txt,./unit1/mmWave_data/mmWave_power_6704.txt,./unit1/mmWave_data/mmWave_power_6705.txt,./unit1/mmWave_data/mmWave_power_6706.txt
45,./unit1/mmWave_data/mmWave_power_765.txt,./unit1/mmWave_data/mmWave_power_766.txt,./unit1/mmWave_data/mmWave_power_767.txt,./unit1/mmWave_data/mmWave_power_768.txt,./unit1/mmWave_data/mmWave_power_769.txt,./unit1/mmWave_data/mmWave_power_770.txt,./unit1/mmWave_data/mmWave_power_771.txt,./unit1/mmWave_data/mmWave_power_772.txt
46,./unit1/mmWave_data/mmWave_power_8973.txt,./unit1/mmWave_data/mmWave_power_8974.txt,./unit1/mmWave_data/mmWave_power_8975.txt,./unit1/mmWave_data/mmWave_power_8976.txt,./unit1/mmWave_data/mmWave_power_8977.txt,./unit1/mmWave_data/mmWave_power_8978.txt,./unit1/mmWave_data/mmWave_power_8979.txt,./unit1/mmWave_data/mmWave_power_8980.txt
47,./unit1/mmWave_data/mmWave_power_8972.txt,./unit1/mmWave_data/mmWave_power_8973.txt,./unit1/mmWave_data/mmWave_power_8974.txt,./unit1/mmWave_data/mmWave_power_8975.txt,./unit1/mmWave_data/mmWave_power_8976.txt,./unit1/mmWave_data/mmWave_power_8977.txt,./unit1/mmWave_data/mmWave_power_8978.txt,./unit1/mmWave_data/mmWave_power_8979.txt
48,./unit1/mmWave_data/mmWave_power_3019.txt,./unit1/mmWave_data/mmWave_power_3020.txt,./unit1/mmWave_data/mmWave_power_3021.txt,./unit1/mmWave_data/mmWave_power_3022.txt,./unit1/mmWave_data/mmWave_power_3023.txt,./unit1/mmWave_data/mmWave_power_3024.txt,./unit1/mmWave_data/mmWave_power_3025.txt,./unit1/mmWave_data/mmWave_power_3026.txt
49,./unit1/mmWave_data/mmWave_power_1587.txt,./unit1/mmWave_data/mmWave_power_1588.txt,./unit1/mmWave_data/mmWave_power_1589.txt,./unit1/mmWave_data/mmWave_power_1590.txt,./unit1/mmWave_data/mmWave_power_1591.txt,./unit1/mmWave_data/mmWave_power_1592.txt,./unit1/mmWave_data/mmWave_power_1593.txt,./unit1/mmWave_data/mmWave_power_1594.txt
50,./unit1/mmWave_data/mmWave_power_5815.txt,./unit1/mmWave_data/mmWave_power_5816.txt,./unit1/mmWave_data/mmWave_power_5817.txt,./unit1/mmWave_data/mmWave_power_5818.txt,./unit1/mmWave_data/mmWave_power_5819.txt,./unit1/mmWave_data/mmWave_power_5820.txt,./unit1/mmWave_data/mmWave_power_5821.txt,./unit1/mmWave_data/mmWave_power_5822.txt
